feature,importance
SBP,0.13856205992002604
DBP,0.13503555505644563
PR,0.12985591874288893
나이,0.12694670256556512
crp,0.11825957867787296
albumin,0.1018444189368126
BT,0.09327825255563416
RR,0.06680281465825466
중증도분류,0.01926394452880466
성별,0.01486162778400433
